relative_position_mm,lambdaA_Wb,lambdaB_Wb,lambdaC_Wb,dLA_dx_Wb_per_m,dLB_dx_Wb_per_m,dLC_dx_Wb_per_m,KF_unit_N,IA_norm,IB_norm,IC_norm
-20.000000,0.00708345408388,-0.00657443972458,3.91845140118e-005,-0.920302542273,-0.764457847498,2.24830427372,2.52593826279,-0.438708467231,-0.37701072225,0.815719189481
-19.750000,0.00685337844831,-0.00676555418645,0.000601260582442,-0.975085483963,-0.713149889772,2.23625190052,2.52192181831,-0.459077538071,-0.355214050991,0.814291589062
-19.500000,0.0065959113419,-0.00693101466947,0.00115731046427,-1.08526841671,-0.604227560762,2.21239008293,2.51921196912,-0.499984307513,-0.309035367194,0.809019674707
-19.250000,0.00631074423996,-0.00706766796684,0.00170745562391,-1.20127300059,-0.496267940304,2.16547178106,2.51109942084,-0.540500282882,-0.259744748301,0.800245031184
-19.000000,0.00599527484161,-0.00717914863962,0.0022400463548,-1.31579393344,-0.399169546471,2.10334820413,2.50288688756,-0.577435406835,-0.211208554344,0.788643961179
-18.750000,0.00565284727324,-0.00726725274007,0.00275912972597,-1.43918783551,-0.301757227896,2.0262775525,2.49819566097,-0.614162729198,-0.158861879313,0.773024608512
-18.500000,0.00527568092385,-0.00733002725357,0.00325318513105,-1.56234627822,-0.201231968263,1.94142195993,2.49799852465,-0.649170726097,-0.104288774996,0.753459501094
-18.250000,0.00487167413413,-0.0073678687242,0.00372984070593,-1.67230148122,-0.109444478866,1.8507154012,2.49642389023,-0.679087915143,-0.0530496015069,0.73213751665
-18.000000,0.00443953018324,-0.007384749493,0.00417854283165,-1.78079516705,-0.0112004717354,1.74086990405,2.49020352986,-0.708276746989,0.00234576803592,0.705930978954
-17.750000,0.0039812765506,-0.00737346896007,0.00460027565796,-1.8864309408,0.084883865678,1.62624248807,2.49002965759,-0.734126227325,0.0575570365571,0.676569190768
-17.500000,0.00349631471284,-0.00734230756016,0.00499166407569,-1.98704789131,0.175681833578,1.50171536919,2.49046407243,-0.75641765564,0.111986650538,0.644431005102
-17.250000,0.00298775260495,-0.00728562804328,0.00535113334255,-2.07301617468,0.277323230188,1.38506128301,2.49729711322,-0.775293794212,0.165859500052,0.60943429416
-17.000000,0.0024598066255,-0.00720364594507,0.00568419471719,-2.14204624536,0.375224210436,1.2625290854,2.49767182736,-0.790315434516,0.217531324303,0.572784110213
-16.750000,0.00191672948227,-0.00709801593806,0.00598239788525,-2.20916897823,0.471143177803,1.13882869986,2.50592402536,-0.801874514566,0.267715835704,0.534158678862
-16.500000,0.00135522213638,-0.00696807435616,0.00625360906712,-2.25273749531,0.573645334411,1.02912840835,2.51439512543,-0.809770465482,0.314310153803,0.495460311679
-16.250000,0.000790360734616,-0.00681119327086,0.00649696208942,-2.27485740654,0.685241364602,0.907165686734,2.51241624111,-0.814902372188,0.363285669548,0.45161670264
-16.000000,0.000217793433113,-0.00662545367386,0.00670719191049,-2.2827138367,0.790874412814,0.800651589798,2.5135753204,-0.816493492494,0.406301871768,0.410191620726
-15.750000,-0.000350996183733,-0.00641575606445,0.00689728788432,-2.27101535209,0.904817617213,0.698725316656,2.51314867082,-0.815122706351,0.448564160321,0.366558546029
-15.500000,-0.000917714242934,-0.00617304486526,0.00705655456881,-2.24859821454,1.02436396504,0.579528009011,2.51054166752,-0.810062689135,0.493624965973,0.316437723162
-15.250000,-0.001475295291,-0.00590357408193,0.00718705188883,-2.20002337837,1.13846664494,0.47346591301,2.49901891418,-0.801911939731,0.534008330566,0.267903609165
-15.000000,-0.00201772593212,-0.00560381154279,0.00729328752532,-2.14151514595,1.2612530162,0.381634569036,2.49792208727,-0.790779652061,0.571459858728,0.219319793333
-14.750000,-0.00254605286398,-0.00527294757383,0.00737786917335,-2.06282451387,1.3829044757,0.286641244818,2.48963388823,-0.775909900604,0.608120500761,0.167789399843
-14.500000,-0.00304913818905,-0.00491235930493,0.00743660814773,-1.97428480759,1.50646364141,0.181057474057,2.48447255467,-0.756175352666,0.644825613297,0.111349739369
-14.250000,-0.00353319526778,-0.00451971575312,0.00746839791037,-1.87536049845,1.62427255702,0.0869192797474,2.48068730732,-0.733924669125,0.676826716248,0.0570979528771
-14.000000,-0.00398681843828,-0.00410022302642,0.0074800677876,-1.76819632257,1.73446807258,-0.000797013584037,2.47679248907,-0.709259216963,0.704934507626,0.00432470933753
-13.750000,-0.00441729342906,-0.00365248171683,0.00746799940358,-1.65279939796,1.8419390821,-0.096768736075,2.47608672902,-0.679939718688,0.731456109694,-0.0515163910057
-13.500000,-0.00481321813726,-0.00317925348537,0.00743168341956,-1.53245948382,1.9365098984,-0.197413076117,2.47451845462,-0.647131401932,0.754745143281,-0.107613741348
-13.250000,-0.00518352317097,-0.00268422676763,0.00736929286552,-1.41801800125,2.02882306677,-0.290481804476,2.48537229331,-0.613506646753,0.773344360359,-0.159837713606
-13.000000,-0.00552222713789,-0.00216484195199,0.00728644251733,-1.29035701403,2.11019769198,-0.386082136246,2.49084311991,-0.576087342928,0.789135010432,-0.213047667504
-12.750000,-0.00582870167799,-0.00162912792164,0.0071762517974,-1.16803601436,2.16753687167,-0.486219860099,2.49221083496,-0.537326000399,0.801073158791,-0.263747158392
-12.500000,-0.00610624514507,-0.00108107351615,0.00704333258728,-1.05127548296,2.20986944293,-0.585303030595,2.49433930535,-0.498076767963,0.809341560763,-0.3112647928
-12.250000,-0.00635433941946,-0.000524193200177,0.0068836002821,-0.934438723499,2.23745410919,-0.692415653173,2.49690582743,-0.455752858267,0.814576522142,-0.358823663875
-12.000000,-0.00657346450682,3.76535384438e-005,0.00669712476069,-0.816545953148,2.24875957371,-0.803028452478,2.49731127766,-0.410951711022,0.816490600346,-0.405538889324
-11.750000,-0.00676261239604,0.000600186586679,0.00648208605586,-0.711013833303,2.23534105095,-0.91862493067,2.49476858546,-0.365931574155,0.815081727612,-0.449150153456
-11.500000,-0.00692897142347,0.00115532406392,0.00623781229535,-0.606702995252,2.21254154108,-1.02946185884,2.49248543008,-0.320494775191,0.810602924442,-0.490108149251
-11.250000,-0.00706596389366,0.00170645735722,0.00596735512644,-0.496952099524,2.16789575677,-1.15110660442,2.4863030713,-0.26956935575,0.802241996234,-0.532672640483
-11.000000,-0.00717744747323,0.00223927194231,0.00566225899314,-0.401115681643,2.10253581232,-1.27065741639,2.47674559251,-0.219927010154,0.79093639929,-0.571009389137
-10.750000,-0.00726652173449,0.00275772526338,0.00533202641825,-0.300724803591,2.02835272026,-1.39180784783,2.47066540518,-0.167025784095,0.775666625394,-0.608640841299
-10.500000,-0.00732780987503,0.00325344830244,0.00496635506923,-0.200441993316,1.94066994369,-1.51712006587,2.46808381974,-0.111346011004,0.756173932964,-0.64482792196
-10.250000,-0.00736674273114,0.00372806023523,0.00457346638531,-0.112854342221,1.84743417065,-1.62825057479,2.46438235974,-0.0601763059128,0.735271894371,-0.675095588458
-10.000000,-0.00738423704614,0.00417716538776,0.00415222978183,-0.0112783305607,1.74235451513,-1.74069456518,2.46290746652,-0.00327750993424,0.708739839287,-0.705462329353
-9.750000,-0.00737238189642,0.00459923749279,0.00370311910272,0.0838900011339,1.62548222192,-1.84999090542,2.46274341571,0.0530964348216,0.679061856537,-0.732158291359
-9.500000,-0.00734229204557,0.00498990649872,0.00322723432912,0.173144213959,1.50240357937,-1.94866675765,2.46163216389,0.107320611344,0.64731167293,-0.754632284274
-9.250000,-0.00728580978944,0.00535043928248,0.00272878572389,0.277525203458,1.38612167198,-2.04148232003,2.47354341988,0.163114319487,0.611295847094,-0.774410166581
-9.000000,-0.00720352944384,0.00568296733471,0.00220649316911,0.375238418632,1.26242933396,-2.11387147942,2.47535741442,0.215715512892,0.574124730956,-0.789840243848
-8.750000,-0.00709819058013,0.00598165394946,0.00167184998418,0.471394855411,1.14096227098,-2.17125973452,2.4767423779,0.265548702464,0.535890673249,-0.801439375713
-8.500000,-0.00696783201613,0.0062534484702,0.00112086330185,0.573649673043,1.02900056714,-2.21765105282,2.48592376662,0.313223580859,0.496395285563,-0.809618866421
-8.250000,-0.00681136574361,0.00649615423303,0.000563024457772,0.68571098393,0.908178398301,-2.2450638486,2.4887660622,0.362737644609,0.452126284928,-0.814863929537
-8.000000,-0.00662497652417,0.00670753766935,-1.66862245478e-006,0.790328175635,0.801468263318,-2.25313820254,2.48954027603,0.406008868343,0.410483625305,-0.816492493648
-7.750000,-0.00641620165579,0.00689688836469,-0.000563544643497,0.902443287922,0.697613951771,-2.24151195069,2.48762742855,0.448725364622,0.366386130941,-0.815111495563
-7.500000,-0.00617375488021,0.00705634464524,-0.0011224245978,1.02417797532,0.580739211413,-2.22386636205,2.49079922766,0.494015877887,0.315985164298,-0.810001042184
-7.250000,-0.00590411266813,0.00718725797039,-0.00167547782452,1.13942653983,0.475441307773,-2.17091723405,2.47672268812,0.534890862698,0.266800601629,-0.801691464326
-7.000000,-0.0056040416103,0.00729406529913,-0.00220788321482,1.26010710644,0.381342088472,-2.10934269968,2.47176931682,0.572897963574,0.217377320126,-0.7902752837
-6.750000,-0.00527405911491,0.00737792901463,-0.00273014917436,1.38259481427,0.285331962412,-2.03729528826,2.46942850507,0.609743367087,0.165404586026,-0.775147953113
-6.500000,-0.00491274420316,0.00743673128033,-0.00322653085895,1.50656177378,0.183337077636,-1.94686297623,2.46406293006,0.646175250893,0.109165956204,-0.755341207097
-6.250000,-0.00452077822802,0.00746959755345,-0.00370358066248,1.62424422557,0.0880124403287,-1.84700713461,2.45993867531,0.678537666497,0.0540376329571,-0.732575299454
-6.000000,-0.00410062209038,0.0074807375005,-0.00415003442625,1.73520167259,0.000343224571348,-1.74389451105,2.46009548378,0.706470496236,0.00127085685187,-0.707741353088
-5.750000,-0.00365317739173,0.00746976916573,-0.004575527918,1.84382113587,-0.0938788500132,-1.63401592631,2.46455229742,0.73245717606,-0.0537708085963,-0.678686367464
-5.500000,-0.00317871152244,0.00743379807549,-0.00496704238941,1.93608402435,-0.197302743594,-1.51569057965,2.46334687669,0.755768696212,-0.110283416924,-0.645485279288
-5.250000,-0.00268513537955,0.00737111779394,-0.00533337320782,2.02725056381,-0.290399188032,-1.39714356344,2.47135985667,0.774478318566,-0.163325112039,-0.611153206527
-5.000000,-0.00216508624054,0.00728859848147,-0.00566561417113,2.10972026723,-0.385697725534,-1.27037763704,2.47889971203,0.790070404828,-0.216593148624,-0.573477256204
-4.750000,-0.00163027524594,0.00717826893117,-0.00596856202634,2.16666796703,-0.48747462067,-1.15149481703,2.48298207528,0.80176513438,-0.267168312268,-0.534596822112
-4.500000,-0.00108175225702,0.00704486117114,-0.00624136157965,2.21004613299,-0.584841247293,-1.02967492283,2.48361732069,0.809921934676,-0.315407381158,-0.494514553519
-4.250000,-0.000525252179444,0.00688584830752,-0.00648339948776,2.2350566236,-0.693766222962,-0.912331278385,2.48541241081,0.814916499987,-0.36348867487,-0.451427825117
-4.000000,3.57760547749e-005,0.00669797805966,-0.00669752721884,2.24682295841,-0.804323408494,-0.804648832232,2.4913834408,0.816496577445,-0.408182978876,-0.408313598569
-3.750000,0.000598159299759,0.00648368660327,-0.00688572390387,2.2357785118,-0.91748499973,-0.696723249167,2.48940241168,0.814889715963,-0.451785168236,-0.363104547727
-3.500000,0.00115366531068,0.00623923555979,-0.00704588884342,2.21592213614,-1.02875241197,-0.589019271649,2.48924181622,0.810101549323,-0.493377496769,-0.316724052554
-3.250000,0.00170612036783,0.00596931039729,-0.0071802335397,2.16944660295,-1.1500807319,-0.484151836069,2.48356650114,0.801686576024,-0.5349103435,-0.266776232524
-3.000000,0.00223838861215,0.00566419519384,-0.00728796476146,2.09972391946,-1.27099694101,-0.384044949516,2.47100187164,0.789759246596,-0.574351764067,-0.21540748253
-2.750000,0.00275598232756,0.00533381192679,-0.00737225601446,2.02499422757,-1.38891549385,-0.287439671054,2.46410085763,0.774635989745,-0.610822609017,-0.163813380728
-2.500000,0.00325088572594,0.00496973744692,-0.00743168459698,1.94087154734,-1.51489942024,-0.189725055398,2.46562243401,0.755234255561,-0.64634731667,-0.10888693889
-2.250000,0.00372641810123,0.00457636221666,-0.00746711854216,1.84871956641,-1.63053496426,-0.0957588788109,2.46588362429,0.733169633051,-0.67778686806,-0.0553827649912
-2.000000,0.00417524550914,0.00415446996479,-0.00747956403639,1.73830285698,-1.74323284282,-0.00250846510251,2.46181750253,0.707112667304,-0.707100894923,-1.17723810148e-005
-1.750000,0.00459556952972,0.00370474579525,-0.00746837277471,1.62592952532,-1.85017122654,0.0894682449348,2.46347931339,0.678249661633,-0.732803694068,0.0545540324345
-1.500000,0.0049882102718,0.00322938435152,-0.00743482991392,1.5045635533,-1.95178908227,0.186611385058,2.46685548948,0.645126940509,-0.755989845746,0.110862905237
-1.250000,0.00534785130637,0.00272885125412,-0.00737506708218,1.38632000711,-2.03803004996,0.28400515156,2.47205170059,0.610378943064,-0.774846963113,0.164468020049
-1.000000,0.00568137027536,0.00221036932654,-0.00729282733814,1.26191749798,-2.11046436968,0.382179931929,2.4738750481,0.572936432526,-0.79026170889,0.217325276364
-0.750000,0.00597881005536,0.00167361906928,-0.00718397711622,1.14156939477,-2.17530816369,0.481144596905,2.48291353862,0.533956350671,-0.801924865842,0.267968515171
-0.500000,0.00625215497274,0.00112271524469,-0.00705225503969,1.02850321277,-2.21811952824,0.57799706243,2.48742055166,0.495443481116,-0.809773177497,0.31432969638
-0.250000,0.00649306166175,0.00056455930516,-0.006894978585,0.907708324611,-2.24253653221,0.688821098874,2.48762348684,0.4514525745,-0.814914652489,0.363462077989
0.000000,0.00670600913505,1.44697858788e-006,-0.00670784449025,0.802491068026,-2.25155226667,0.796195398044,2.49104972207,0.409511296592,-0.816495277119,0.406983980527
0.250000,0.00689430719576,-0.000561216828174,-0.00649688088598,0.697118133316,-2.24395944996,0.911948638579,2.49371512408,0.36441573347,-0.814980242791,0.450564509322
0.500000,0.00705456820171,-0.00112053274639,-0.00625187017096,0.582868806856,-2.22078175689,1.02973730402,2.4917210988,0.315281683239,-0.8099046649,0.494622981661
0.750000,0.00718574159919,-0.00167160770662,-0.00598201223397,0.47612534529,-2.17086597806,1.14178155754,2.47812395129,0.266510089897,-0.80163314078,0.535123050883
1.000000,0.00729263087435,-0.00220596573542,-0.00568097939219,0.38116246973,-2.11296110246,1.26026815686,2.47468212359,0.217538765843,-0.790317373907,0.572778608064
1.250000,0.00737632283405,-0.00272808825784,-0.00535187815554,0.285489299042,-2.03843347775,1.3855897319,2.47216322108,0.165013692394,-0.775022449625,0.610008757232
1.500000,0.00743537552387,-0.00322518247429,-0.00498818452624,0.184425939876,-1.94704274735,1.51741156523,2.47133251007,0.107699396799,-0.754778104121,0.647078707322
1.750000,0.00746853580399,-0.00370160963152,-0.00459317237292,0.0915645138407,-1.84880780752,1.62525870875,2.46214004398,0.0550575406201,-0.73302611291,0.67796857229
2.000000,0.00748115778079,-0.00414958637806,-0.00417555517187,0.00202298109723,-1.7449731612,1.73394842824,2.45997674116,0.0020421189217,-0.708125629035,0.706083510113
2.250000,0.00746954729454,-0.00457409621212,-0.0037261981588,-0.0954829118972,-1.63354787996,1.84479430569,2.4650344073,-0.0543889973481,-0.678341735495,0.732730732843
2.500000,0.00743341632485,-0.00496636031804,-0.00325315801902,-0.192150306814,-1.5151673499,1.9390348956,2.46467290704,-0.109300258738,-0.646092398297,0.755392657035
2.750000,0.00737347214113,-0.00533167988707,-0.002756680711,-0.287923218917,-1.39649534559,2.03297902154,2.4749958791,-0.16327705486,-0.611185730602,0.774462785462
3.000000,0.00728945471539,-0.00566460799083,-0.00223666850825,-0.385356197361,-1.26963465539,2.10684260311,2.47612613637,-0.216456439601,-0.573578173039,0.79003461264
3.250000,0.00718079404245,-0.00596649721477,-0.00170325940944,-0.48740728043,-1.14938206571,2.16362777968,2.47939722123,-0.267411807165,-0.534402017372,0.801813824537
3.500000,0.00704575107517,-0.00623929902369,-0.00115485461841,-0.592318233796,-1.03058577718,2.20908474577,2.48565230813,-0.316903458091,-0.493222383289,0.81012584138
3.750000,0.00688463492555,-0.00648179010336,-0.000598717036556,-0.69270630151,-0.9132608973,2.23740369432,2.48735979748,-0.363109966746,-0.451780128583,0.81489009533
4.000000,0.00669939792442,-0.00669592947234,-3.61527712498e-005,-0.800663693116,-0.805899737636,2.2452339584,2.48910537816,-0.407196046376,-0.409299631288,0.816495677664
4.250000,0.006484303079,-0.00688473997217,0.000523899942645,-0.917955881685,-0.697604071199,2.23159105231,2.48652266438,-0.451755215259,-0.363136754771,0.814891970031
4.500000,0.00624041998358,-0.00704473150793,0.0010796427549,-1.0286076999,-0.589047189283,2.21496283388,2.48840212855,-0.493372969766,-0.316729289238,0.810102259004
4.750000,0.00596999922904,-0.00717926356682,0.00163138135958,-1.1480491555,-0.485599858135,2.16983107289,2.48317550132,-0.534306378217,-0.267531316602,0.801837694819
5.000000,0.00566639540583,-0.007287531437,0.00216455829135,-1.26996356327,-0.382725195155,2.10544993872,2.47464635373,-0.574176570548,-0.215645192203,0.78982176275
5.250000,0.00533501744741,-0.00737062616439,0.00268410632894,-1.39101828116,-0.287493039087,2.03039264016,2.46957585255,-0.610757532679,-0.16390944703,0.774666979708
5.500000,0.00497088626524,-0.00743127795655,0.00317975461143,-1.51181513068,-0.192342021963,1.93457030271,2.45915553777,-0.646002048114,-0.109446678416,0.75544872653
5.750000,0.00457910988207,-0.00746679717538,0.0036513914803,-1.63002363558,-0.0988349305891,1.84358297836,2.46194158418,-0.677621726296,-0.0556781697025,0.733299895998
6.000000,0.00415587444745,-0.00748069542184,0.00410154610061,-1.74591989983,-0.00612219448541,1.74228897245,2.46653865439,-0.70652404174,-0.00116404170556,0.707688083445
6.250000,0.00370614993215,-0.00746985827262,0.00452253596652,-1.84889772526,0.0898474440322,1.6272838732,2.46348547866,-0.732691791727,0.0543009411665,0.678390850561
6.500000,0.00323142558482,-0.00743577169982,0.00491518803721,-1.9502974712,0.187595462193,1.49984953971,2.46279728192,-0.756326960042,0.111748114219,0.644578845823
6.750000,0.00273100119655,-0.00737606054152,0.00527246073638,-2.03581043512,0.283144706375,1.37920954296,2.46585161252,-0.775117622711,0.165310069578,0.609807553133
7.000000,0.00221352036726,-0.00729419934664,0.0056047928087,-2.11279854294,0.381515139368,1.26290866383,2.47614313241,-0.79021022819,0.217128018804,0.573082209386
7.250000,0.00167460192508,-0.00718530297184,0.00590391506829,-2.17739898458,0.480173010342,1.13624873997,2.48149051403,-0.802101221788,0.268856728645,0.533244493143
7.500000,0.00112482087497,-0.00705411284147,0.00617291717868,-2.21581743923,0.578669679805,1.02662417538,2.48483729265,-0.809835550939,0.314780184388,0.495055366551
7.750000,0.000566693205465,-0.00689596813193,0.00641722715599,-2.24279577269,0.692238257915,0.909126664746,2.48971754712,-0.814946053494,0.363916196961,0.451029856533
8.000000,3.42298863015e-006,-0.00670799371251,0.00662748051105,-2.24718881248,0.794007209546,0.787526072835,2.4804844745,-0.816495187373,0.409554019261,0.406941168112
8.250000,-0.000556901200775,-0.00649896452716,0.0068109901924,-2.24520382204,0.905643851817,0.686491992979,2.48801855251,-0.814911325419,0.451497106576,0.363414218843
8.500000,-0.00111917892239,-0.0062551717866,0.00697072650754,-2.22693162088,1.03155078493,0.57820016841,2.4961302534,-0.809735280821,0.495678329457,0.314056951364
8.750000,-0.00167036701122,-0.0059831891347,0.00710009027661,-2.17187536701,1.14370422099,0.466940777379,2.47752749106,-0.801120707893,0.537140764468,0.263979943425
9.000000,-0.00220511660589,-0.0056833196761,0.00720419689623,-2.10905036527,1.26194459532,0.374800058352,2.47117687082,-0.789751292637,0.574374035819,0.215377256819
9.250000,-0.00272489219385,-0.00535221683704,0.00728749030578,-2.03653280248,1.38737106146,0.280138765588,2.47090052281,-0.774424193261,0.611266502231,0.16315769103
9.500000,-0.00322338300713,-0.00498963414537,0.00734426627903,-1.94640212686,1.51338538924,0.172404241201,2.46696172929,-0.753773871984,0.648674927698,0.105098944286
9.750000,-0.00369809325728,-0.00459552414242,0.00737369242638,-1.84581900115,1.62665188149,0.0803614357903,2.46030074374,-0.731435148504,0.679965832242,0.0514693162627
10.000000,-0.00414629250771,-0.00417630820463,0.00738444699692,-1.74900906085,1.73343093705,-0.00766345548813,2.46245693973,-0.707123783431,0.707089777715,3.40057156354e-005
10.250000,-0.00457259778771,-0.00372880867389,0.00736986069864,-1.63752620452,1.84262366748,-0.109679717057,2.46693105742,-0.67668373415,0.734036626899,-0.0573528927494
10.500000,-0.00496505560997,-0.00325499637089,0.00732960713839,-1.51357273172,1.93963204219,-0.206032825956,2.46564133253,-0.643611409447,0.756918638595,-0.113307229148
10.750000,-0.00532938415357,-0.0027589926528,0.00726684428566,-1.39222111009,2.03123787668,-0.302491584876,2.47345069838,-0.60821756894,0.775864591668,-0.167647022728
11.000000,-0.00566116616502,-0.00223937743255,0.00717836134596,-1.26586796213,2.10983867642,-0.399670223659,2.4794709618,-0.570270088844,0.791192372526,-0.220922283682
11.250000,-0.00596231813463,-0.00170407331459,0.00706700917383,-1.14910485884,2.16517909749,-0.497104778457,2.48309871492,-0.532437422226,0.802299669141,-0.269862246914
11.500000,-0.00623571859444,-0.0011567878838,0.00692980895673,-1.03136826388,2.20894851304,-0.609687375895,2.49146381741,-0.489939239642,0.810628223658,-0.320688984016
11.750000,-0.00647800226657,-0.000599599058072,0.00676216548588,-0.917281955379,2.23938079843,-0.715053755982,2.49893974332,-0.448042142964,0.815158685406,-0.367116542442
12.000000,-0.00669435957213,-3.70974845861e-005,0.00657228207874,-0.808458623927,2.24692882631,-0.814560946419,2.49720839725,-0.407025852161,0.816495362007,-0.409469509846
12.250000,-0.00688223157853,0.000523865355084,0.00635488501268,-0.696993829719,2.23050936658,-0.929766067991,2.49076953983,-0.360628969607,0.814711883687,-0.45408291408
12.500000,-0.00704285648699,0.00107815719871,0.00610739904474,-0.591541743858,2.21188668147,-1.05005371033,2.49731184002,-0.312992076957,0.809586361345,-0.496594284388
12.750000,-0.00717800245046,0.00162980869582,0.00582985815751,-0.487191763299,2.16974046659,-1.16893748475,2.49471685539,-0.26391592352,0.80110763783,-0.53719171431
13.000000,-0.00728645236864,0.002163027432,0.00552293030237,-0.384531048507,2.10335350646,-1.28611003949,2.48266505763,-0.212984236315,0.78911814045,-0.576133904135
13.250000,-0.00737026797471,0.00268148544905,0.00518680313776,-0.287694014911,2.03137439816,-1.41176217742,2.48306242482,-0.160420218546,0.773534719475,-0.613114500929
13.500000,-0.00743029937609,0.00317871463108,0.00481704921365,-0.193788606871,1.93576694528,-1.54122715481,2.47925294274,-0.105154929366,0.753795569571,-0.648640640205
13.750000,-0.00746716227815,0.00364936892169,0.00441618956036,-0.0977877461949,1.84285760238,-1.65633059553,2.47921212126,-0.0513741840224,0.731392781312,-0.68001859729
14.000000,-0.00747919324919,0.00410014343227,0.00398888391589,-0.00570770686788,1.74271467166,-1.76230538768,2.4784256994,0.00109952893079,0.706556375571,-0.707655904502
14.250000,-0.00747001613158,0.00452072625752,0.00353503686652,0.0866439667674,1.62674384752,-1.87544845686,2.48240912948,0.0566643827114,0.677069723016,-0.733734105727
14.500000,-0.00743587126581,0.00491351535603,0.00305115968746,0.187757186944,1.50024519911,-1.98051354379,2.48594074548,0.114749680461,0.642713999222,-0.757463679683
14.750000,-0.00737613753811,0.00527084885708,0.00254478009463,0.286052983302,1.37866241201,-2.0639859878,2.48785761477,0.168475550333,0.607652383533,-0.776127933866
15.000000,-0.00729284477416,0.00560284656204,0.00201916669356,0.381747101188,1.2652781961,-2.13900108704,2.49826046559,0.218447611297,0.572106129727,-0.790553741024
15.250000,-0.00718526398752,0.00590348795513,0.00147527955111,0.476697965016,1.13863108931,-2.19907575714,2.49921370742,0.268596557907,0.533453109521,-0.802049667429
15.500000,-0.00705449579165,0.00617216210669,0.000919628814986,0.578665117174,1.02506268604,-2.24242903441,2.50561670019,0.31591644784,0.494075209646,-0.809991657486
15.750000,-0.00689593142893,0.00641601929815,0.000354065033901,0.690937864516,0.909421961081,-2.27216403321,2.51331106948,0.364010890454,0.450941672409,-0.814952562863
16.000000,-0.00670902685939,0.00662687308723,-0.000216453201621,0.791512197747,0.790417874664,-2.28373877294,2.51048526678,0.40846622158,0.408030320562,-0.816496542142
16.250000,-0.00650017533006,0.00681122823548,-0.000787804352567,0.906060084234,0.686505040484,-2.28003276763,2.5165941697,0.451092185968,0.363849258048,-0.814941444017
16.500000,-0.00625599681727,0.00697012560748,-0.00135646958544,1.03297963803,0.576553029448,-2.25097223976,2.51578777143,0.495587443007,0.314162517674,-0.809749960681
16.750000,-0.00598368551104,0.0070995047502,-0.00191329047245,1.14599314078,0.469035826366,-2.19936025531,2.50133285796,0.536022318087,0.265383681468,-0.801405999555
17.000000,-0.00568300024688,0.00720464352066,-0.00245614971309,1.26111163076,0.372886371421,-2.14362567347,2.49759972068,0.572945099786,0.217313550028,-0.790258649814
17.250000,-0.00535312969566,0.00728594793591,-0.00298510330918,1.38501624944,0.279854469492,-2.07315109797,2.49779497178,0.608981011775,0.166526049525,-0.7755070613
17.500000,-0.00499049212216,0.00734457075541,-0.00349272526208,1.51231920548,0.176351337544,-1.98639921986,2.4968867774,0.645428584245,0.110375140882,-0.755803725127
17.750000,-0.00459697009292,0.00737412360468,-0.00397830291911,1.624373579,0.0800139312221,-1.88915789486,2.49048775813,0.676961250546,0.0568579624512,-0.733819212998
18.000000,-0.00417830533267,0.00738457772102,-0.00443730420951,1.73376081408,-0.00698352407475,-1.78452572772,2.48784962881,0.704628717513,0.00493034427128,-0.709559061785
18.250000,-0.00373008968588,0.00737063184265,-0.00487056578297,1.84338897923,-0.106621673097,-1.67417005743,2.49218585836,0.731295069166,-0.0511548615991,-0.680140207567
18.500000,-0.00325661084305,0.00733126688447,-0.00527438923823,1.9387138063,-0.206097010877,-1.55832730344,2.49386157921,0.754098513185,-0.105937518909,-0.648160994276
18.750000,-0.00276073278273,0.00726758333721,-0.00564972943469,2.03246810735,-0.302854904006,-1.44083947107,2.50417038668,0.773194271002,-0.159379256655,-0.613815014347
19.000000,-0.00224037678937,0.00717983943247,-0.00599480897376,2.1093275546,-0.397038874559,-1.32187193915,2.51066517351,0.788312460717,-0.209975345877,-0.57833711484
19.250000,-0.00170606900543,0.00706906389993,-0.00631066540426,2.16349633914,-0.495632647739,-1.20100510476,2.50920885526,0.800203142137,-0.259544826351,-0.540658315786
19.500000,-0.0011586286198,0.0069320231086,-0.00659531152614,2.21129733337,-0.609447148571,-1.08563095473,2.52012477115,0.809175910663,-0.310111719153,-0.499064191509
19.750000,-0.000600420338747,0.00676434032564,-0.00685348088163,2.24072324533,-0.713678119394,-0.976679584615,2.52648228206,0.814281611827,-0.355091862786,-0.459189749041
20.000000,-3.82669971391e-005,0.0065751840489,-0.00708365131845,2.24861336643,-0.756625106975,-0.920681747299,2.52341068009,0.815633332544,-0.37530974189,-0.440323590654
